雲林縣斗六市科技工業區科工7路8號,"[雲林縣]	輸入的 [路街] 找不到門牌資料"
臺中市北屯區?子路666號,"[臺中市]	輸入的 [路街] 找不到門牌資料"
新竹市新竹科學園區工業東六路5號,"[新竹市]	輸入的 [路街] 找不到門牌資料"
新竹市新竹科學園區工業東六路5號,"[新竹市]	輸入的 [路街] 找不到門牌資料"
桃園市桃園區民生北路1段50號,"[桃園市]	 { 模糊比對 } (桃園區)	找到符合的[鄉鎮市區]，(民生北路)	找到符合的[路街名]，(1)	找不到符合的[路段]，(50號)	模糊比對找不到符合的門牌地址。"
桃園市桃園區民生北路1段50號,"[桃園市]	 { 模糊比對 } (桃園區)	找到符合的[鄉鎮市區]，(民生北路)	找到符合的[路街名]，(1)	找不到符合的[路段]，(50號)	模糊比對找不到符合的門牌地址。"
新北市蘆洲區中山1路100號,"[新北市]	輸入的 [路街] 找不到門牌資料"
新北市蘆洲區中山1路100號,"[新北市]	輸入的 [路街] 找不到門牌資料"
新北市蘆洲區中山1路100號,"[新北市]	輸入的 [路街] 找不到門牌資料"
高雄市苓雅區忠孝2路18號,"[高雄市]	輸入的 [路街] 找不到門牌資料"
高雄市苓雅區忠孝2路18號,"[高雄市]	輸入的 [路街] 找不到門牌資料"
新北市樹林區保安2街82號,"[新北市]	輸入的 [路街] 找不到門牌資料"
新北市樹林區保安2街82號,"[新北市]	輸入的 [路街] 找不到門牌資料"
新北市樹林區保安2街82號,"[新北市]	輸入的 [路街] 找不到門牌資料"
高雄市三民區博愛1路300號,"[高雄市]	輸入的 [路街] 找不到門牌資料"
高雄市三民區博愛1路300號,"[高雄市]	輸入的 [路街] 找不到門牌資料"
高雄市三民區博愛1路300號,"[高雄市]	輸入的 [路街] 找不到門牌資料"
高雄市三民區博愛1路300號,"[高雄市]	輸入的 [路街] 找不到門牌資料"
新竹縣湖口鄉新竹工業區光復北路45號,"[新竹縣]	輸入的 [路街] 找不到門牌資料"
新竹縣湖口鄉工業1路3號,"[新竹縣]	輸入的 [路街] 找不到門牌資料"
金門縣金城鎮鎮民生路6號,"[金門縣]	輸入的 [路街] 找不到門牌資料"
宜蘭縣宜蘭市榮光路386號,"[宜蘭縣]	 { 模糊比對 } (宜蘭市)	找到符合的[鄉鎮市區]，(榮光路)	找到符合的[路街名]，(386號)	模糊比對找不到符合的門牌地址。"
新竹市工業東4路23號,"[新竹市]	輸入的 [路街] 找不到門牌資料"
新竹縣芎林鄉大華路1號,"[新竹縣]	輸入的 [路街] 找不到門牌資料"
新竹市東峰路343號,"[新竹市]	輸入的 [路街] 找不到門牌資料"
新竹市東區力行3路2號,"[新竹市]	輸入的 [路街] 找不到門牌資料"
新竹市東區科學園區力行路6號,"[新竹市]	輸入的 [路街] 找不到門牌資料"
新竹市東區科學園區力行一路12號,"[新竹市]	輸入的 [路街] 找不到門牌資料"
高雄市左營區鎮海營區成功路2號,"[高雄市]	輸入的 [路街] 找不到門牌資料"
高雄市前鎮區成功2路15號,"[高雄市]	輸入的 [路街] 找不到門牌資料"
高雄市前金區五福3路82號,"[高雄市]	輸入的 [路街] 找不到門牌資料"
高雄市前金區五福3路82號,"[高雄市]	輸入的 [路街] 找不到門牌資料"
高雄市前金區五福3路122號,"[高雄市]	輸入的 [路街] 找不到門牌資料"
高雄市新興區七賢1路480號,"[高雄市]	輸入的 [路街] 找不到門牌資料"
高雄市新興區七賢1路480號,"[高雄市]	輸入的 [路街] 找不到門牌資料"
高雄市新興區七賢1路480號,"[高雄市]	輸入的 [路街] 找不到門牌資料"
高雄市新興區中正路158號,"[高雄市]	 { 模糊比對 } (新興區)	找到符合的[鄉鎮市區]，(中正路)	找到符合的[路街名]，(158號)	模糊比對找不到符合的門牌地址。"
高雄市新興區中正路158號,"[高雄市]	 { 模糊比對 } (新興區)	找到符合的[鄉鎮市區]，(中正路)	找到符合的[路街名]，(158號)	模糊比對找不到符合的門牌地址。"
高雄市大社區工業區經建路6號,"[高雄市]	輸入的 [路街] 找不到門牌資料"
高雄市前鎮區佛得街42號,"[高雄市]	輸入的 [路街] 找不到門牌資料"
高雄市鳳山區中崙1路436號,"[高雄市]	輸入的 [路街] 找不到門牌資料"
高雄市旗津區中洲2路156號,"[高雄市]	輸入的 [路街] 找不到門牌資料"
高雄市鳳山區五甲2路256號,"[高雄市]	輸入的 [路街] 找不到門牌資料"
高雄市鳳山區五甲2路256號,"[高雄市]	輸入的 [路街] 找不到門牌資料"
高雄市鳳山區五甲2路256號,"[高雄市]	輸入的 [路街] 找不到門牌資料"
高雄市三民區建國1路458號,"[高雄市]	輸入的 [路街] 找不到門牌資料"
高雄市三民區建國1路458號,"[高雄市]	輸入的 [路街] 找不到門牌資料"
高雄市三民區建國1路458號,"[高雄市]	輸入的 [路街] 找不到門牌資料"
台北市內湖區成功路三段143號,
台北市內湖區成功路三段143號,
台北市中山區民生東路二段161號,
台北市中山區民生東路二段161號,
新北市樹林區中山路一段27-7號,
新北市樹林區中山路一段27之7號,
新北市樹林區中山路一段27-7號,
新北市淡水區中山路84號,
新北市淡水區中山路84號,
桃園市桃園區三民路二段258號,
桃園市桃園區三民路二段258號,
台中市大甲區順天路361號,
台中市大甲區順天路361號,
彰化縣和美鎮和線路84號,
彰化縣和美鎮和線路84號,
嘉義市興業西路425號,
新北市中和區健康路130號,"[新北市]	輸入的 [路街] 找不到門牌資料"
臺南市新市區科學園區大利一路5號,"[臺南市]	輸入的 [路街] 找不到門牌資料"
新竹市研發一路15號,"[新竹市]	輸入的 [路街] 找不到門牌資料"
臺中市西屯區工業區12路6號,"[臺中市]	輸入的 [路街] 找不到門牌資料"
臺南市安平區北園二路8號,"[臺南市]	 { 模糊比對 } (安平區)	找到符合的[鄉鎮市區]，(北園二路)	找到符合的[路街名]，(8號)	模糊比對找不到符合的門牌地址。"
臺北市內湖區三重路19-9號,"[臺北市]	 { 模糊比對 } (內湖區)	找到符合的[鄉鎮市區]，(三重路)	找到符合的[路街名]，(19-9號)	模糊比對找不到符合的門牌地址。"
臺北市中山區樂群2路199號,"[臺北市]	輸入的 [路街] 找不到門牌資料"
新竹縣湖口鄉湖口工業區中華路15號,"[新竹縣]	輸入的 [路街] 找不到門牌資料"
桃園市龜山區大崗村頂湖路26號,"[桃園市]	 { 模糊比對 } (龜山區)	找到符合的[鄉鎮市區]，(大崗村)	找不到符合的[村里]，進行轉換搜尋[村變成里，里變成村]，轉換搜尋找到符合的[村里]，(頂湖路)	找到符合的[路街名]，(26號)	模糊比對找不到符合的門牌地址。"
桃園市楊梅區元化路357號,"[桃園市]	 { 模糊比對 } (楊梅區)	找到符合的[鄉鎮市區]，(元化路)	找到符合的[路街名]，(357號)	模糊比對找不到符合的門牌地址。"
臺中市南屯區工業區27路2號,"[臺中市]	輸入的 [路街] 找不到門牌資料"
臺中市西屯區工業區35路51號,"[臺中市]	輸入的 [路街] 找不到門牌資料"
臺中市大甲區世界路一段70號,"[臺中市]	輸入的 [路街] 找不到門牌資料"
臺南市永康區永康工業區環工路2號,"[臺南市]	輸入的 [路街] 找不到門牌資料"
高雄市前金區成功路266之1號,"[高雄市]	 { 模糊比對 } (前金區)	找到符合的[鄉鎮市區]，(成功路)	找到符合的[路街名]，(266之1號)	模糊比對找不到符合的門牌地址。"
桃園市龍潭區烏樹林工業區工二路128號,"[桃園市]	輸入的 [路街] 找不到門牌資料"
彰化縣埤頭鄉埤頭工業區興工路4號,"[彰化縣]	輸入的 [路街] 找不到門牌資料"
嘉義縣民雄鄉民雄工業區中山路18號,"[嘉義縣]	輸入的 [路街] 找不到門牌資料"
高雄市前鎮區中華5路789號,"[高雄市]	輸入的 [路街] 找不到門牌資料"
高雄市橋頭區中山路1821號,"[高雄市]	 { 模糊比對 } (橋頭區)	找到符合的[鄉鎮市區]，(中山路)	找到符合的[路街名]，(1821號)	模糊比對找不到符合的門牌地址。"
屏東縣恆春鎮恆南路22號,"[屏東縣]	輸入的 [路街] 找不到門牌資料"
屏東縣恆春鎮恆南路22號,"[屏東縣]	輸入的 [路街] 找不到門牌資料"
新竹縣湖口鄉新竹工業區光復北路85號,"[新竹縣]	輸入的 [路街] 找不到門牌資料"
苗栗縣苗栗市聯大路2號,"[苗栗縣]	輸入的 [路街] 找不到門牌資料"
新竹市工業東六路5號,"[新竹市]	輸入的 [路街] 找不到門牌資料"
新竹市工業東六路5號,"[新竹市]	輸入的 [路街] 找不到門牌資料"
新竹市新竹科學園區創新一路8號,"[新竹市]	輸入的 [路街] 找不到門牌資料"
台北市中正區南昌路一段83號,
嘉義市東區興業西路338號,"[嘉義市]	 { 模糊比對 } (東區)	找到符合的[鄉鎮市區]，(興業西路)	找到符合的[路街名]，(338號)	模糊比對找不到符合的門牌地址。"
嘉義市東區興業西路338號,"[嘉義市]	 { 模糊比對 } (東區)	找到符合的[鄉鎮市區]，(興業西路)	找到符合的[路街名]，(338號)	模糊比對找不到符合的門牌地址。"
新北市林口區東華路99號,"[新北市]	 { 模糊比對 } (林口區)	找到符合的[鄉鎮市區]，(東華路)	找不到符合的[路街名]，進行轉換搜尋[街變成路，路變成街]，轉換搜尋找到符合的[路街名]，(99號)	模糊比對找不到符合的門牌地址。"
桃園市龜山區華亞科技園區華亞二路358號,"[桃園市]	輸入的 [路街] 找不到門牌資料"
臺北市萬華區峨嵋街57號,"[臺北市]	輸入的 [路街] 找不到門牌資料"
彰化縣彰化市市師大路2號,"[彰化縣]	輸入的 [路街] 找不到門牌資料"
桃園市平鎮區昆慶路1號,"[桃園市]	輸入的 [路街] 找不到門牌資料"
桃園市平鎮區昆慶路1號,"[桃園市]	輸入的 [路街] 找不到門牌資料"
臺中市南屯區大墩11街730號,"[臺中市]	輸入的 [路街] 找不到門牌資料"
新竹縣湖口鄉新竹工業區大同路15號,"[新竹縣]	輸入的 [路街] 找不到門牌資料"
新北市板橋區文化一路187號,"[新北市]	 { 模糊比對 } (板橋區)	找到符合的[鄉鎮市區]，(文化一路)	找到符合的[路街名]，(187號)	模糊比對找不到符合的門牌地址。"
新北市板橋區文化一路187號,"[新北市]	 { 模糊比對 } (板橋區)	找到符合的[鄉鎮市區]，(文化一路)	找到符合的[路街名]，(187號)	模糊比對找不到符合的門牌地址。"
新北市板橋區文化一路187號,"[新北市]	 { 模糊比對 } (板橋區)	找到符合的[鄉鎮市區]，(文化一路)	找到符合的[路街名]，(187號)	模糊比對找不到符合的門牌地址。"
新竹市園區三路121號,"[新竹市]	輸入的 [路街] 找不到門牌資料"
桃園市平鎮區平鎮工業區工業六路四號,"[桃園市]	輸入的 [路街] 找不到門牌資料"
臺中市大雅區科雅一路8之1號,"[臺中市]	輸入的 [路街] 找不到門牌資料"
新北市中和區正義北路208號,"[新北市]	 { 模糊比對 } (中和區)	找到符合的[鄉鎮市區]，(正義北路)	找到符合的[路街名]，(208號)	模糊比對找不到符合的門牌地址。"
苗栗縣竹南鎮科北2路6號,"[苗栗縣]	輸入的 [路街] 找不到門牌資料"
南投縣魚池鄉日月潭中正路23號,"[南投縣]	輸入的 [路街] 找不到門牌資料"
臺中市南屯區工業區20路27號,"[臺中市]	輸入的 [路街] 找不到門牌資料"
新竹市園區三路123號,"[新竹市]	輸入的 [路街] 找不到門牌資料"
新竹市園區二路2號,"[新竹市]	輸入的 [路街] 找不到門牌資料"
臺南市佳里區興化里606號,"[臺南市]	輸入的 [村里] 找不到門牌資料"
新北市萬里區中華路二段290號,"[新北市]	 { 模糊比對 } (萬里區)	找到符合的[鄉鎮市區]，(中華路)	找到符合的[路街名]，(2)	找不到符合的[路段]，(290號)	模糊比對找不到符合的門牌地址。"
臺中市北區向上路一段381號,"[臺中市]	 { 模糊比對 } (北區)	找到符合的[鄉鎮市區]，(向上路)	找到符合的[路街名]，(1)	找不到符合的[路段]，(381號)	模糊比對找不到符合的門牌地址。"
臺北市中山區林森南路4號,"[臺北市]	 { 模糊比對 } (中山區)	找到符合的[鄉鎮市區]，(林森南路)	找到符合的[路街名]，(4號)	模糊比對找不到符合的門牌地址。"
臺中市中區公舘路138號,"[臺中市]	 { 模糊比對 } (中區)	找到符合的[鄉鎮市區]，(公舘路)	找到符合的[路街名]，(138號)	模糊比對找不到符合的門牌地址。"
苗栗縣造橋鄉十字路16號,"[苗栗縣]	輸入的 [路街] 找不到門牌資料"
臺中市中區復興路三段140號,"[臺中市]	 { 模糊比對 } (中區)	找到符合的[鄉鎮市區]，(復興路)	找到符合的[路街名]，(3)	找不到符合的[路段]，(140號)	模糊比對找不到符合的門牌地址。"
臺南市七股區大珵里272號,"[臺南市]	輸入的 [村里] 找不到門牌資料"
高雄市大寮區鳳林三路322號,
臺中市中區國中路276號,"[臺中市]	 { 模糊比對 } (中區)	找到符合的[鄉鎮市區]，(國中路)	找到符合的[路街名]，(276號)	模糊比對找不到符合的門牌地址。"
苗栗縣頭份市頭份鎮中正路319號,"[苗栗縣]	輸入的 [路街] 找不到門牌資料"
花蓮縣秀林鄉天祥路17之1號,"[花蓮縣]	輸入的 [路街] 找不到門牌資料"
花蓮縣秀林鄉富世路152號,"[花蓮縣]	輸入的 [路街] 找不到門牌資料"
臺南市南區健康二段270號,請輸入要查找的門牌地址及號碼。(如：臺北市松江路469巷4號)
臺中市梧棲區文匯街66號,"[臺中市]	輸入的 [路街] 找不到門牌資料"
臺中市中區東山路一段212號,"[臺中市]	 { 模糊比對 } (中區)	找到符合的[鄉鎮市區]，(東山路)	找到符合的[路街名]，(1)	找不到符合的[路段]，(212號)	模糊比對找不到符合的門牌地址。"
雲林縣口湖鄉中山東路113號,"[雲林縣]	 { 模糊比對 } (口湖鄉)	找到符合的[鄉鎮市區]，(中山東路)	找到符合的[路街名]，(113號)	模糊比對找不到符合的門牌地址。"
苗栗縣頭份市頭份鎮水源路206號,"[苗栗縣]	輸入的 [路街] 找不到門牌資料"
宜蘭縣壯圍鄉大隱村大福路三段1號,"[宜蘭縣]	 { 模糊比對 } (壯圍鄉)	找到符合的[鄉鎮市區]，(大隱村)	找到符合的[村里]，(大福路)	找到符合的[路街名]，(3)	找不到符合的[路段]，(1號)	模糊比對找不到符合的門牌地址。"
苗栗縣頭份市頭份鎮尖山里尖豐路320巷316號,"[苗栗縣]	輸入的 [路街] 找不到門牌資料"
桃園市平鎮區承德路2號,
桃園市中壢區龍岡路三段192號,
基隆市安樂區中正路54號,"[基隆市]	 { 模糊比對 } (安樂區)	找到符合的[鄉鎮市區]，(中正路)	找到符合的[路街名]，(54號)	模糊比對找不到符合的門牌地址。"
高雄市岡山區前鋒路80號,"[高雄市]	輸入的 [路街] 找不到門牌資料"
苗栗縣頭份市頭份鎮中正路2號,"[苗栗縣]	輸入的 [路街] 找不到門牌資料"
雲林縣麥寮鄉橋頭路234號,"[雲林縣]	輸入的 [路街] 找不到門牌資料"
新北市永和區自立路129號,"[新北市]	 { 模糊比對 } (永和區)	找到符合的[鄉鎮市區]，(自立路)	找到符合的[路街名]，(129號)	模糊比對找不到符合的門牌地址。"
屏東縣車城鄉福安村中山路76號,"[屏東縣]	 { 模糊比對 } (車城鄉)	找到符合的[鄉鎮市區]，(福安村)	找到符合的[村里]，(中山路)	找到符合的[路街名]，(76號)	模糊比對找不到符合的門牌地址。"
臺中市中區大雅路370號,"[臺中市]	 { 模糊比對 } (中區)	找到符合的[鄉鎮市區]，(大雅路)	找到符合的[路街名]，(370號)	模糊比對找不到符合的門牌地址。"
彰化縣和美鎮和南里和卿路193號,"[彰化縣]	 { 模糊比對 } (和美鎮)	找到符合的[鄉鎮市區]，(和南里)	找到符合的[村里]，(和卿路)	找到符合的[路街名]，(193號)	模糊比對找不到符合的門牌地址。"
新竹市東區內湖路138號,"[新竹市]	 { 模糊比對 } (東區)	找到符合的[鄉鎮市區]，(內湖路)	找到符合的[路街名]，(138號)	模糊比對找不到符合的門牌地址。"
高雄市三民區中民里永年街48號,"[高雄市]	 { 模糊比對 } (三民區)	找到符合的[鄉鎮市區]，(中民里)	找到符合的[村里]，(永年街)	找到符合的[路街名]，(48號)	模糊比對找不到符合的門牌地址。"
台北市大同區延平北路四段16號,
新北市土城區忠丞路22號,"[新北市]	輸入的 [路街] 找不到門牌資料"
高雄市前鎮區大豐一路151號,"[高雄市]	 { 模糊比對 } (前鎮區)	找到符合的[鄉鎮市區]，(大豐一路)	找到符合的[路街名]，(151號)	模糊比對找不到符合的門牌地址。"
臺南市東區農街一段167號,"[臺南市]	輸入的 [路街] 找不到門牌資料"
台北市信義區松山路608號,
苗栗縣苑裡鎮社芩里12鄰131之4號,"[苗栗縣]	輸入的 [村里] 找不到門牌資料"
新北市土城區明峰街9號,"[新北市]	 { 模糊比對 } (土城區)	找到符合的[鄉鎮市區]，(明峰街)	找到符合的[路街名]，(9號)	模糊比對找不到符合的門牌地址。"
新北市新莊區長青街5號,
新竹市復路一段89巷115號,"[新竹市]	輸入的 [路街] 找不到門牌資料"
屏東縣屏東市長興路64號,"[屏東縣]	 { 模糊比對 } (屏東市)	找到符合的[鄉鎮市區]，(長興路)	找到符合的[路街名]，(64號)	模糊比對找不到符合的門牌地址。"
臺中市太平區長億里永成北路125號,"[臺中市]	 { 模糊比對 } (太平區)	找到符合的[鄉鎮市區]，(長億里)	找到符合的[村里]，(永成北路)	找到符合的[路街名]，(125號)	模糊比對找不到符合的門牌地址。"
臺中市西屯區五權路2之104號,"[臺中市]	 { 模糊比對 } (西屯區)	找到符合的[鄉鎮市區]，(五權路)	找到符合的[路街名]，(2之104號)	模糊比對找不到符合的門牌地址。"
臺北市松山區永吉路278巷58弄2號,"[臺北市]	 { 模糊比對 } (松山區)	找到符合的[鄉鎮市區]，(永吉路)	找到符合的[路街名]，(278巷)	(58弄)	找不到符合的[弄]，(2號)	找不到符合的[門牌號碼]，進行轉換搜尋[弄視為號]，找不到符合的[門牌號碼]，進行轉換搜尋[巷視為號]，模糊比對找不到符合的門牌地址。"
苗栗縣頭份市頭份鎮信東路158號,"[苗栗縣]	輸入的 [路街] 找不到門牌資料"
臺南市北門區鯤江里841之1號,"[臺南市]	輸入的 [村里] 找不到門牌資料"
新竹市北區北區鐵道路二段280號,請輸入要查找的門牌地址及號碼。(如：臺北市松江路469巷4號)
屏東縣恆春鎮恆南路6之6號,"[屏東縣]	輸入的 [路街] 找不到門牌資料"
新北市中和區健康路101號,"[新北市]	輸入的 [路街] 找不到門牌資料"
臺南市安平區建平7街689號,"[臺南市]	輸入的 [路街] 找不到門牌資料"
臺北市中正區建國北路2段65號,"[臺北市]	 { 模糊比對 } (中正區)	找到符合的[鄉鎮市區]，(建國北路)	找到符合的[路街名]，(2)	找不到符合的[路段]，(65號)	模糊比對找不到符合的門牌地址。"
新北市中和區健康路270號,"[新北市]	輸入的 [路街] 找不到門牌資料"
苗栗縣頭份市頭份鎮建國路86號,"[苗栗縣]	輸入的 [路街] 找不到門牌資料"
苗栗縣頭份市頭份鎮中央路605號,"[苗栗縣]	輸入的 [路街] 找不到門牌資料"
苗栗縣頭份市頭份鎮後庄里幼英街131號,"[苗栗縣]	輸入的 [路街] 找不到門牌資料"
新北市萬里區港東路162之11號,"[新北市]	輸入的 [路街] 找不到門牌資料"
臺南市安南區鹽田路2號,"[臺南市]	輸入的 [路街] 找不到門牌資料"
臺北市內湖區北安路839之1號,"[臺北市]	 { 模糊比對 } (內湖區)	找到符合的[鄉鎮市區]，(北安路)	找到符合的[路街名]，(839之1號)	模糊比對找不到符合的門牌地址。"
新北市蘆洲區安南路二段356號,"[新北市]	輸入的 [路街] 找不到門牌資料"
新北市板橋區永豐路87號,"[新北市]	 { 模糊比對 } (板橋區)	找到符合的[鄉鎮市區]，(永豐路)	找到符合的[路街名]，(87號)	模糊比對找不到符合的門牌地址。"
高雄市旗山區旗楠一路121號,"[高雄市]	輸入的 [路街] 找不到門牌資料"
臺南市安定區海寮街8號,"[臺南市]	輸入的 [路街] 找不到門牌資料"
臺南市官田區湖山里98之4號,"[臺南市]	輸入的 [村里] 找不到門牌資料"
臺中市中區健行路49號,"[臺中市]	 { 模糊比對 } (中區)	找到符合的[鄉鎮市區]，(健行路)	找到符合的[路街名]，(49號)	模糊比對找不到符合的門牌地址。"
桃園市桃園區振興路636號,"[桃園市]	 { 模糊比對 } (桃園區)	找到符合的[鄉鎮市區]，(振興路)	找到符合的[路街名]，(636號)	模糊比對找不到符合的門牌地址。"
宜蘭縣蘇澳鎮永樂里馬賽路151號,"[宜蘭縣]	 { 模糊比對 } (蘇澳鎮)	找到符合的[鄉鎮市區]，(永樂里)	找到符合的[村里]，(馬賽路)	找到符合的[路街名]，(151號)	模糊比對找不到符合的門牌地址。"
臺北市中正區南京東路1段132巷8號,"[臺北市]	 { 模糊比對 } (中正區)	找到符合的[鄉鎮市區]，(南京東路)	找到符合的[路街名]，(1)	找不到符合的[路段]，(132巷)	(8號)	找不到符合的[門牌號碼]，進行轉換搜尋[巷視為號]，模糊比對找不到符合的門牌地址。"
臺南市將軍區將富里49之8號,"[臺南市]	輸入的 [村里] 找不到門牌資料"
苗栗縣頭份市頭份鎮德義路81號,"[苗栗縣]	輸入的 [路街] 找不到門牌資料"
彰化縣田中鎮彰中州路二段372號,"[彰化縣]	輸入的 [路街] 找不到門牌資料"
苗栗縣頭份市頭份鎮建國路2段128號,"[苗栗縣]	輸入的 [路街] 找不到門牌資料"
桃園市龍潭區五褔街210號,"[桃園市]	輸入的 [路街] 找不到門牌資料"
臺南市中西區明興路732號,"[臺南市]	 { 模糊比對 } (中西區)	找到符合的[鄉鎮市區]，(明興路)	找到符合的[路街名]，(732號)	模糊比對找不到符合的門牌地址。"
臺北市中正區華中里萬大路464號,"[臺北市]	 { 模糊比對 } (中正區)	找到符合的[鄉鎮市區]，(華中里)	找到符合的[村里]，(萬大路)	找到符合的[路街名]，(464號)	模糊比對找不到符合的門牌地址。"
新北市蘆洲區光華街72號,"[新北市]	 { 模糊比對 } (蘆洲區)	找到符合的[鄉鎮市區]，(光華街)	找到符合的[路街名]，(72號)	模糊比對找不到符合的門牌地址。"
臺南市後壁區墨林里346號,"[臺南市]	輸入的 [村里] 找不到門牌資料"
臺中市中區民生路517號,"[臺中市]	 { 模糊比對 } (中區)	找到符合的[鄉鎮市區]，(民生路)	找到符合的[路街名]，(517號)	模糊比對找不到符合的門牌地址。"
臺北市萬華區華環河南路2段200號,"[臺北市]	輸入的 [路街] 找不到門牌資料"
臺南市北區北門里公園南路71號,"[臺南市]	 { 模糊比對 } (北區)	找到符合的[鄉鎮市區]，(北門里)	找到符合的[村里]，(公園南路)	找到符合的[路街名]，(71號)	模糊比對找不到符合的門牌地址。"
苗栗縣頭份市頭份鎮成功里建國路198號,"[苗栗縣]	輸入的 [路街] 找不到門牌資料"
臺中市中區大隆路56號,"[臺中市]	 { 模糊比對 } (中區)	找到符合的[鄉鎮市區]，(大隆路)	找到符合的[路街名]，(56號)	模糊比對找不到符合的門牌地址。"
臺中市龍井區中港路42之1號,"[臺中市]	輸入的 [路街] 找不到門牌資料"
新北市新店區新和街70號,
臺中市中區東光路340號,"[臺中市]	 { 模糊比對 } (中區)	找到符合的[鄉鎮市區]，(東光路)	找到符合的[路街名]，(340號)	模糊比對找不到符合的門牌地址。"
臺北市萬華區峨嵋街111號,"[臺北市]	輸入的 [路街] 找不到門牌資料"
苗栗縣頭份市頭份鎮民生街2號,"[苗栗縣]	輸入的 [路街] 找不到門牌資料"
臺中市中區中清路106號,"[臺中市]	 { 模糊比對 } (中區)	找到符合的[鄉鎮市區]，(中清路)	找到符合的[路街名]，(106號)	模糊比對找不到符合的門牌地址。"
嘉義市頂庄里忠孝路650號,"[嘉義市]	 { 模糊比對 } (頂庄里)	找到符合的[村里]，(忠孝路)	找到符合的[路街名]，(650號)	模糊比對找不到符合的門牌地址。"
基隆市信義區仁二路95號,"[基隆市]	 { 模糊比對 } (信義區)	找到符合的[鄉鎮市區]，(仁二路)	找到符合的[路街名]，(95號)	模糊比對找不到符合的門牌地址。"
桃園市桃園區國盛一街188號,"[桃園市]	輸入的 [路街] 找不到門牌資料"
苗栗縣頭份市頭份鎮中正一路554號,"[苗栗縣]	輸入的 [路街] 找不到門牌資料"
花蓮縣瑞穗鄉瑞北路30之2號,"[花蓮縣]	輸入的 [路街] 找不到門牌資料"
桃園市龜山區萬壽一段307號,請輸入要查找的門牌地址及號碼。(如：臺北市松江路469巷4號)
彰化縣大村鄉三腳路112號,"[彰化縣]	輸入的 [路街] 找不到門牌資料"
宜蘭縣頭城鎮中山區青雲路三段238號,"[宜蘭縣]	輸入的 [路街] 找不到門牌資料"
嘉義市盧厝里文雅街211號,"[嘉義市]	 { 模糊比對 } (盧厝里)	找到符合的[村里]，(文雅街)	找到符合的[路街名]，(211號)	模糊比對找不到符合的門牌地址。"
桃園市中壢區榮安13街297號,"[桃園市]	輸入的 [路街] 找不到門牌資料"
屏東縣車城鄉尖山路37號,"[屏東縣]	輸入的 [路街] 找不到門牌資料"
臺中市太平區中平村精美路1號,"[臺中市]	 { 模糊比對 } (太平區)	找到符合的[鄉鎮市區]，(中平村)	找不到符合的[村里]，進行轉換搜尋[村變成里，里變成村]，轉換搜尋找到符合的[村里]，(精美路)	找到符合的[路街名]，(1號)	模糊比對找不到符合的門牌地址。"
臺中市南屯區大墩11街330號,"[臺中市]	輸入的 [路街] 找不到門牌資料"
台北市士林區士東路266巷5弄18號,
台北市北投區明德路87號,
臺南市安平區至善里後寮一路138號,"[臺南市]	輸入的 [路街] 找不到門牌資料"
苗栗縣頭份市頭份鎮信義路381號,"[苗栗縣]	輸入的 [路街] 找不到門牌資料"
苗栗縣竹南鎮民族路82號,"[苗栗縣]	 { 模糊比對 } (竹南鎮)	找到符合的[鄉鎮市區]，(民族路)	找到符合的[路街名]，(82號)	模糊比對找不到符合的門牌地址。"
花蓮縣玉里鎮新民路13-1號,"[花蓮縣]	輸入的 [路街] 找不到門牌資料"
台中市潭子區雅潭路一段60號,
高雄市鳥松區青年路二段596號,"[高雄市]	 { 模糊比對 } (鳥松區)	找到符合的[鄉鎮市區]，(青年路)	找到符合的[路街名]，(2)	找不到符合的[路段]，(596號)	模糊比對找不到符合的門牌地址。"
臺南市後壁區安里200號,"[臺南市]	輸入的 [村里] 找不到門牌資料"
臺中市中區國光路301號,"[臺中市]	 { 模糊比對 } (中區)	找到符合的[鄉鎮市區]，(國光路)	找到符合的[路街名]，(301號)	模糊比對找不到符合的門牌地址。"
臺中市北區錦洲里北屯路14號,"[臺中市]	 { 模糊比對 } (北區)	找到符合的[鄉鎮市區]，(錦洲里)	找到符合的[村里]，(北屯路)	找到符合的[路街名]，(14號)	模糊比對找不到符合的門牌地址。"
苗栗縣頭份市頭份鎮中正路232號,"[苗栗縣]	輸入的 [路街] 找不到門牌資料"
臺中市龍井區遊園路210號,"[臺中市]	 { 模糊比對 } (龍井區)	找到符合的[鄉鎮市區]，(遊園路)	找到符合的[路街名]，(210號)	模糊比對找不到符合的門牌地址。"
基隆市信義區義一路24號,"[基隆市]	 { 模糊比對 } (信義區)	找到符合的[鄉鎮市區]，(義一路)	找到符合的[路街名]，(24號)	模糊比對找不到符合的門牌地址。"
臺北市中正區安和路二段67號,"[臺北市]	 { 模糊比對 } (中正區)	找到符合的[鄉鎮市區]，(安和路)	找到符合的[路街名]，(2)	找不到符合的[路段]，(67號)	模糊比對找不到符合的門牌地址。"
花蓮縣豐濱鄉三民村三民路61號,"[花蓮縣]	 { 模糊比對 } (豐濱鄉)	找到符合的[鄉鎮市區]，(三民村)	找不到符合的[村里]，進行轉換搜尋[村變成里，里變成村]，轉換搜尋找到符合的[村里]，(三民路)	找到符合的[路街名]，(61號)	模糊比對找不到符合的門牌地址。"
雲林縣崙背鄉東興路168之1號,"[雲林縣]	 { 模糊比對 } (崙背鄉)	找到符合的[鄉鎮市區]，(東興路)	找到符合的[路街名]，(168之1號)	模糊比對找不到符合的門牌地址。"
臺南市北門區鯤鯓路20號,"[臺南市]	 { 模糊比對 } (北門區)	找到符合的[鄉鎮市區]，(鯤鯓路)	找到符合的[路街名]，(20號)	模糊比對找不到符合的門牌地址。"
臺南市永康區瓏埔街108號,"[臺南市]	輸入的 [路街] 找不到門牌資料"
宜蘭縣蘇澳鎮東中路4號,"[宜蘭縣]	輸入的 [路街] 找不到門牌資料"
臺北市中正區民權東路3段73號,"[臺北市]	 { 模糊比對 } (中正區)	找到符合的[鄉鎮市區]，(民權東路)	找到符合的[路街名]，(3)	找不到符合的[路段]，(73號)	模糊比對找不到符合的門牌地址。"
臺中市西屯區工業區38路30號,"[臺中市]	輸入的 [路街] 找不到門牌資料"
臺中市太平區中山里大源二街1號,"[臺中市]	 { 模糊比對 } (太平區)	找到符合的[鄉鎮市區]，(中山里)	找到符合的[村里]，(大源二街)	找到符合的[路街名]，(1號)	模糊比對找不到符合的門牌地址。"
台北市萬華區寶興街43號,
臺南市永康區鹽洲里鹽洲二街83號,"[臺南市]	輸入的 [路街] 找不到門牌資料"
高雄市新興區大仁路139號,"[高雄市]	 { 模糊比對 } (新興區)	找到符合的[鄉鎮市區]，(大仁路)	找到符合的[路街名]，(139號)	模糊比對找不到符合的門牌地址。"
高雄市新興區德賢路594號,"[高雄市]	 { 模糊比對 } (新興區)	找到符合的[鄉鎮市區]，(德賢路)	找到符合的[路街名]，(594號)	模糊比對找不到符合的門牌地址。"
宜蘭縣壯圍鄉狀濱路6段222號,"[宜蘭縣]	輸入的 [路街] 找不到門牌資料"
臺中市中區十甲路397號,"[臺中市]	 { 模糊比對 } (中區)	找到符合的[鄉鎮市區]，(十甲路)	找到符合的[路街名]，(397號)	模糊比對找不到符合的門牌地址。"
桃園市桃園區金門2街83號,"[桃園市]	輸入的 [路街] 找不到門牌資料"
基隆市仁愛區西定路40號,"[基隆市]	 { 模糊比對 } (仁愛區)	找到符合的[鄉鎮市區]，(西定路)	找到符合的[路街名]，(40號)	模糊比對找不到符合的門牌地址。"
桃園市中壢區中埔二街150號,"[桃園市]	 { 模糊比對 } (中壢區)	找到符合的[鄉鎮市區]，(中埔二街)	找到符合的[路街名]，(150號)	模糊比對找不到符合的門牌地址。"
臺北市中正區明水路581巷15號,"[臺北市]	 { 模糊比對 } (中正區)	找到符合的[鄉鎮市區]，(明水路)	找到符合的[路街名]，(581巷)	(15號)	找不到符合的[門牌號碼]，進行轉換搜尋[巷視為號]，模糊比對找不到符合的門牌地址。"
新北市汐止區民權路2段79號,"[新北市]	 { 模糊比對 } (汐止區)	找到符合的[鄉鎮市區]，(民權路)	找到符合的[路街名]，(2)	找不到符合的[路段]，(79號)	模糊比對找不到符合的門牌地址。"
臺北市北投區中山北路七段156號,"[臺北市]	 { 模糊比對 } (北投區)	找到符合的[鄉鎮市區]，(中山北路)	找到符合的[路街名]，(7)	找到符合的[路段]，(156號)	模糊比對找不到符合的門牌地址。"
桃園市龜山區光華村公西里文化三路32之2號,"[桃園市]	 { 模糊比對 } (龜山區)	找到符合的[鄉鎮市區]，(光華村)	找不到符合的[村里]，進行轉換搜尋[村變成里，里變成村]，轉換搜尋找到符合的[村里]，(公西里文化三路)	找不到符合的[路街名]，進行轉換搜尋[街變成路，路變成街]，進行轉換搜尋[路變成地區名]，轉換搜尋找不到符合的[路街名]，(32之2號)	模糊比對找不到符合的門牌地址。"
花蓮縣吉安鄉吉安村中正路3段2號,"[花蓮縣]	 { 模糊比對 } (吉安鄉)	找到符合的[鄉鎮市區]，(吉安村)	找到符合的[村里]，(中正路)	找到符合的[路街名]，(3)	找不到符合的[路段]，(2號)	模糊比對找不到符合的門牌地址。"
桃園市龍潭區民豐路5號,"[桃園市]	 { 模糊比對 } (龍潭區)	找到符合的[鄉鎮市區]，(民豐路)	找到符合的[路街名]，(5號)	模糊比對找不到符合的門牌地址。"
台中市大里區成功路512號,
臺中市南屯區工業區18路31之1號,"[臺中市]	輸入的 [路街] 找不到門牌資料"
臺中市中區松竹路三段125號,"[臺中市]	 { 模糊比對 } (中區)	找到符合的[鄉鎮市區]，(松竹路)	找到符合的[路街名]，(3)	找不到符合的[路段]，(125號)	模糊比對找不到符合的門牌地址。"
臺北市中正區寧夏路71號,"[臺北市]	 { 模糊比對 } (中正區)	找到符合的[鄉鎮市區]，(寧夏路)	找到符合的[路街名]，(71號)	模糊比對找不到符合的門牌地址。"
桃園市大園區民族路1號,"[桃園市]	 { 模糊比對 } (大園區)	找到符合的[鄉鎮市區]，(民族路)	找到符合的[路街名]，(1號)	模糊比對找不到符合的門牌地址。"
桃園市大園區三民路19鄰2段110號,請輸入要查找的門牌地址及號碼。(如：臺北市松江路469巷4號)
彰化縣永靖鄉中山二段437號,請輸入要查找的門牌地址及號碼。(如：臺北市松江路469巷4號)
屏東縣恆春鎮恆南路1巷6之1號,"[屏東縣]	輸入的 [路街] 找不到門牌資料"
新北市中和區成功南路115號,"[新北市]	輸入的 [路街] 找不到門牌資料"
花蓮縣新城鄉大埔路172號,"[花蓮縣]	輸入的 [路街] 找不到門牌資料"
新北市萬里區瑪鍊路51號,"[新北市]	輸入的 [路街] 找不到門牌資料"
臺南市仁德區三甲里59之1號,"[臺南市]	輸入的 [村里] 找不到門牌資料"
宜蘭縣南澳鄉南澳鎮蘇花路二段165號,"[宜蘭縣]	輸入的 [路街] 找不到門牌資料"
基隆市中正區豊稔街27號,"[基隆市]	輸入的 [路街] 找不到門牌資料"
新竹縣湖口鄉波羅汶路27之8號,"[新竹縣]	輸入的 [路街] 找不到門牌資料"
高雄市鳳山區正義里鳳甲路491號,"[高雄市]	 { 模糊比對 } (鳳山區)	找到符合的[鄉鎮市區]，(正義里)	找到符合的[村里]，(鳳甲路)	找到符合的[路街名]，(491號)	模糊比對找不到符合的門牌地址。"
臺中市中區昌平路2段11之1號,"[臺中市]	 { 模糊比對 } (中區)	找到符合的[鄉鎮市區]，(昌平路)	找到符合的[路街名]，(2)	找不到符合的[路段]，(11之1號)	模糊比對找不到符合的門牌地址。"
基隆市仁愛區教忠街110巷1號,"[基隆市]	 { 模糊比對 } (仁愛區)	找到符合的[鄉鎮市區]，(教忠街)	找到符合的[路街名]，(110巷)	(1號)	找不到符合的[門牌號碼]，進行轉換搜尋[巷視為號]，模糊比對找不到符合的門牌地址。"
苗栗縣頭份市頭份鎮永貞路二段1號,"[苗栗縣]	輸入的 [路街] 找不到門牌資料"
苗栗縣頭份市頭份鎮永貞路1段128號,"[苗栗縣]	輸入的 [路街] 找不到門牌資料"
苗栗縣頭份市頭份鎮中央路228號,"[苗栗縣]	輸入的 [路街] 找不到門牌資料"
桃園市楊梅區青山1街2號,"[桃園市]	輸入的 [路街] 找不到門牌資料"
臺中市神岡區和陸路一段363號,"[臺中市]	輸入的 [路街] 找不到門牌資料"
桃園市中壢區福領路399號,"[桃園市]	輸入的 [路街] 找不到門牌資料"
嘉義市頂義教街556號,"[嘉義市]	輸入的 [路街] 找不到門牌資料"
臺南市新市區北園一路1號,"[臺南市]	 { 模糊比對 } (新市區)	找到符合的[鄉鎮市區]，(北園一路)	找到符合的[路街名]，(1號)	模糊比對找不到符合的門牌地址。"
臺中市西屯區大墩17街88號,"[臺中市]	輸入的 [路街] 找不到門牌資料"
嘉義縣水上鄉柳子林路185之20號,"[嘉義縣]	輸入的 [路街] 找不到門牌資料"
臺東縣卑南鄉泰安路361號,"[臺東縣]	 { 模糊比對 } (卑南鄉)	找到符合的[鄉鎮市區]，(泰安路)	找不到符合的[路街名]，進行轉換搜尋[街變成路，路變成街]，轉換搜尋找到符合的[路街名]，(361號)	模糊比對找不到符合的門牌地址。"
花蓮縣秀林鄉和平路187號,"[花蓮縣]	 { 模糊比對 } (秀林鄉)	找到符合的[鄉鎮市區]，(和平路)	找到符合的[路街名]，(187號)	模糊比對找不到符合的門牌地址。"
新竹市園區二路9號,"[新竹市]	輸入的 [路街] 找不到門牌資料"
臺中市北屯區?子路309號,"[臺中市]	輸入的 [路街] 找不到門牌資料"
屏東縣枋山鄉南和路80號,"[屏東縣]	 { 模糊比對 } (枋山鄉)	找到符合的[鄉鎮市區]，(南和路)	找到符合的[路街名]，(80號)	模糊比對找不到符合的門牌地址。"
彰化縣埔心鄉新館路726號,"[彰化縣]	 { 模糊比對 } (埔心鄉)	找到符合的[鄉鎮市區]，(新館路)	找到符合的[路街名]，(726號)	模糊比對找不到符合的門牌地址。"
臺北市北投區公?路230號,"[臺北市]	輸入的 [路街] 找不到門牌資料"
新北市坪林區水柳腳路133號,"[新北市]	輸入的 [路街] 找不到門牌資料"
桃園市大園區?林路191號,"[桃園市]	輸入的 [路街] 找不到門牌資料"
高雄市旗山區旗楠三路167之31號,"[高雄市]	輸入的 [路街] 找不到門牌資料"
新北市瑞芳區桀魚坑路62號,"[新北市]	輸入的 [路街] 找不到門牌資料"
新北市瑞芳區傑魚坑路55號,"[新北市]	輸入的 [路街] 找不到門牌資料"
新北市萬里區港東路68號,"[新北市]	輸入的 [路街] 找不到門牌資料"
新竹縣芎林鄉大華路1號,"[新竹縣]	輸入的 [路街] 找不到門牌資料"
苗栗縣三義鄉重河路63號,"[苗栗縣]	輸入的 [路街] 找不到門牌資料"
新北市新莊區中正路614巷26號,"[新北市]	 { 模糊比對 } (新莊區)	找到符合的[鄉鎮市區]，(中正路)	找到符合的[路街名]，(614巷)	找到符合的[巷]，(26號)	找不到符合的[門牌號碼]，進行轉換搜尋[巷視為號]，模糊比對找不到符合的門牌地址。"
雲林縣林內鄉重興路86之2號,"[雲林縣]	輸入的 [路街] 找不到門牌資料"
雲林縣林內鄉瑞農路10號,"[雲林縣]	輸入的 [路街] 找不到門牌資料"
嘉義縣民雄鄉埤角路2之92號,"[嘉義縣]	輸入的 [路街] 找不到門牌資料"
新北市萬里區瑪鍊路39號,"[新北市]	輸入的 [路街] 找不到門牌資料"
屏東縣恆春鎮恆南路188號,"[屏東縣]	輸入的 [路街] 找不到門牌資料"
臺中市太平區太平區永平路一段9號,"[臺中市]	輸入的 [路街] 找不到門牌資料"
臺中市北屯區?子路666號,"[臺中市]	輸入的 [路街] 找不到門牌資料"
臺北市中正區羅斯褔路一段2號,"[臺北市]	輸入的 [路街] 找不到門牌資料"
新竹市東區東區力行四路9號,"[新竹市]	輸入的 [路街] 找不到門牌資料"
嘉義市西區埤竹里52號,"[嘉義市]	輸入的 [村里] 找不到門牌資料"
新北市泰山區民權路29號,"[新北市]	 { 模糊比對 } (泰山區)	找到符合的[鄉鎮市區]，(民權路)	找到符合的[路街名]，(29號)	模糊比對找不到符合的門牌地址。"
新北市三重區文化南路30號,
新北市三重區集美街211號,
桃園市中壢區榮安十三街250號,
高雄市阿蓮區復安路232號,"[高雄市]	輸入的 [路街] 找不到門牌資料"
屏東縣恆春鎮恆南路29之8號,"[屏東縣]	輸入的 [路街] 找不到門牌資料"
臺北市士林區士延平北路五段238號,"[臺北市]	輸入的 [路街] 找不到門牌資料"
台中市中區成功路106號,
臺中市北屯區部子路666號,"[臺中市]	輸入的 [路街] 找不到門牌資料"
高雄市旗山區中華路31號,
桃園市大園區埔心街18-1號,
新北市泰山區黎專路2之2號,"[新北市]	輸入的 [路街] 找不到門牌資料"
高雄市大寮區鳳林三路449號,
新北市五股區西雲路211號,
高雄市鳳山區錦田路189號,
嘉義市啟明路283號,"[嘉義市]	輸入的 [路街] 找不到門牌資料"
臺南市安定區六嘉村32-1號,"[臺南市]	輸入的 [村里] 找不到門牌資料"
臺中市北屯區部子路351號,"[臺中市]	輸入的 [路街] 找不到門牌資料"
桃園市蘆竹區南崁二路66-2號,"[桃園市]	輸入的 [路街] 找不到門牌資料"
桃園市桃園區中埔二街158號,
高雄市三民區明華一路258號,"[高雄市]	 { 模糊比對 } (三民區)	找到符合的[鄉鎮市區]，(明華一路)	找到符合的[路街名]，(258號)	模糊比對找不到符合的門牌地址。"
臺北市中正區區羅斯福路一段8號,"[臺北市]	輸入的 [路街] 找不到門牌資料"
屏東縣恆春鎮恆南路13之2號,"[屏東縣]	輸入的 [路街] 找不到門牌資料"
台北市信義區永吉路278巷27弄34號,
金門縣烈嶼鄉八青一路1號,"[金門縣]	輸入的 [路街] 找不到門牌資料"
台南市安南區安和路五段316號,
彰化縣溪湖鎮環東路555號,"[彰化縣]	輸入的 [路街] 找不到門牌資料"
新北市新莊區新莊路307號,
南投縣水里鄉民族街169號,"[南投縣]	 { 模糊比對 } (水里鄉)	找到符合的[鄉鎮市區]，(民族街)	找到符合的[路街名]，(169號)	模糊比對找不到符合的門牌地址。"
台中市大甲區復興路59號,
新北市樹林區學勤路209號,
新竹市園區二路325號,"[新竹市]	輸入的 [路街] 找不到門牌資料"
桃園市平鎮區東峰路239號,
新北市新莊區昌平街96號,
新北市土城區延和路66號,
臺東縣大武鄉圓山路1之6號,"[臺東縣]	輸入的 [路街] 找不到門牌資料"
桃園市蘆竹區航站南路6號,"[桃園市]	 { 模糊比對 } (蘆竹區)	找到符合的[鄉鎮市區]，(航站南路)	找到符合的[路街名]，(6號)	模糊比對找不到符合的門牌地址。"
新竹市光鎮里南大路577號,"[新竹市]	輸入的 [路街] 找不到門牌資料"
高雄市鳥松區大華里大埤路１２３號,"[高雄市]	 { 模糊比對 } (鳥松區)	找到符合的[鄉鎮市區]，(大華里)	找到符合的[村里]，(大埤路)	找到符合的[路街名]，(123號)	模糊比對找不到符合的門牌地址。"
臺南市永康區鹽忠街１２７號,"[臺南市]	輸入的 [路街] 找不到門牌資料"
高雄市楠梓區梓新路259號,"[高雄市]	輸入的 [路街] 找不到門牌資料"
雲林縣斗六市明德路453號,
苗栗縣三義鄉水美路210號,"[苗栗縣]	輸入的 [路街] 找不到門牌資料"
桃園市龍潭區上華段中正路108號,"[桃園市]	輸入的 [路街] 找不到門牌資料"
高雄市旗津區116號,請輸入要查找的門牌地址及號碼。(如：臺北市松江路469巷4號)
高雄市三民區明華一路258號,"[高雄市]	 { 模糊比對 } (三民區)	找到符合的[鄉鎮市區]，(明華一路)	找到符合的[路街名]，(258號)	模糊比對找不到符合的門牌地址。"
新北市中和區圓通路2號,
新北市鶯歌區鶯陶路45號,"[新北市]	輸入的 [路街] 找不到門牌資料"
台南市仁德區中清路167號,
新北市三峽區光明路59號,
桃園市楊梅區梅獅路二段25號,
台北市萬華區民和街103號,
苗栗縣銅鑼鄉大同路51號,
嘉義縣民雄鄉大學路三段218號,
台中市大肚區榮華街7號,
嘉義縣梅山鄉中山路332號,
雲林縣古坑鄉文淵路160號,
屏東縣恆春鎮恆南路1巷58號,"[屏東縣]	輸入的 [路街] 找不到門牌資料"
台中市龍井區沙田路五段382號,
高雄市鳳山區頂豐街21號,
花蓮縣花蓮市中美路113-6號,
南投縣集集鎮民生路9-21號,
苗栗縣頭份市信東路151號,
新北市新店區北新路一段181號,
臺北市南港區舊庄街一段212巷2號,"[臺北市]	輸入的 [路街] 找不到門牌資料"
桃園市桃園區大業路二段51號,
嘉義市東區吳鳳南路529號,
桃園市大園區?林路69號,"[桃園市]	輸入的 [路街] 找不到門牌資料"
台北市內湖區民權東路六段296巷113號,
新北市樹林區中山路一段29-1號,
臺中市北屯區區軍功路一段183號,"[臺中市]	輸入的 [路街] 找不到門牌資料"
新竹市區龍山西路100號,"[新竹市]	輸入的 [路街] 找不到門牌資料"
高雄市楠梓區大學路700號,"[高雄市]	 { 模糊比對 } (楠梓區)	找到符合的[鄉鎮市區]，(大學路)	找到符合的[路街名]，(700號)	模糊比對找不到符合的門牌地址。"
桃園市蘆竹區航站南路6號,"[桃園市]	 { 模糊比對 } (蘆竹區)	找到符合的[鄉鎮市區]，(航站南路)	找到符合的[路街名]，(6號)	模糊比對找不到符合的門牌地址。"
高雄市大樹區實踐路61號,"[高雄市]	 { 模糊比對 } (大樹區)	找到符合的[鄉鎮市區]，(實踐路)	找到符合的[路街名]，(61號)	模糊比對找不到符合的門牌地址。"
新北市中和區立德街26巷1號,
台南市麻豆區中正路348號,
高雄市三民區明仁路57號,
高雄市左營區重信路8號,
彰化縣鹿港鎮彰濱5路2段292號,"[彰化縣]	輸入的 [路街] 找不到門牌資料"
高雄市小港區臨海工業區中鋼路3號,"[高雄市]	輸入的 [路街] 找不到門牌資料"
高雄市楠梓區楠梓加工區西五街10號,"[高雄市]	輸入的 [路街] 找不到門牌資料"
高雄市楠梓區楠梓加工區內環北路107號,"[高雄市]	輸入的 [路街] 找不到門牌資料"
新竹市行七路8號,"[新竹市]	輸入的 [路街] 找不到門牌資料"
新竹市園區二路166號,"[新竹市]	輸入的 [路街] 找不到門牌資料"
新竹市園區二路168號,"[新竹市]	輸入的 [路街] 找不到門牌資料"
臺中市潭子區台中加工出口區南二路3號,"[臺中市]	輸入的 [路街] 找不到門牌資料"
苗栗縣頭份市科中路16號,"[苗栗縣]	 { 模糊比對 } (頭份市)	找到符合的[鄉鎮市區]，(科中路)	找到符合的[路街名]，(16號)	模糊比對找不到符合的門牌地址。"
新竹市東區公道五路二段417號,
新竹市園區二路170號,"[新竹市]	輸入的 [路街] 找不到門牌資料"
臺北市北投區忠誠路2段101號,"[臺北市]	 { 模糊比對 } (北投區)	找到符合的[鄉鎮市區]，(忠誠路)	找到符合的[路街名]，(2)	找不到符合的[路段]，(101號)	模糊比對找不到符合的門牌地址。"
臺北市北投區忠誠路2段207巷1號,"[臺北市]	 { 模糊比對 } (北投區)	找到符合的[鄉鎮市區]，(忠誠路)	找到符合的[路街名]，(2)	找不到符合的[路段]，(207巷)	(1號)	找不到符合的[門牌號碼]，進行轉換搜尋[巷視為號]，模糊比對找不到符合的門牌地址。"
臺北市大安區重慶南路1段122號,"[臺北市]	 { 模糊比對 } (大安區)	找到符合的[鄉鎮市區]，(重慶南路)	找到符合的[路街名]，(1)	找不到符合的[路段]，(122號)	模糊比對找不到符合的門牌地址。"
金門縣金寧鄉仁愛新村137號,"[金門縣]	輸入的 [村里] 找不到門牌資料"
連江縣南竿鄉福澳村135號,"[連江縣]	輸入的 [村里] 找不到門牌資料"
臺中市霧峰區精科路11號,"[臺中市]	 { 模糊比對 } (霧峰區)	找到符合的[鄉鎮市區]，(精科路)	找到符合的[路街名]，(11號)	模糊比對找不到符合的門牌地址。"
嘉義市保健街30之5號,"[嘉義市]	輸入的 [路街] 找不到門牌資料"
嘉義縣中埔鄉和興中華路889號,"[嘉義縣]	輸入的 [路街] 找不到門牌資料"
嘉義縣中埔鄉和興中華路889號,"[嘉義縣]	輸入的 [路街] 找不到門牌資料"
嘉義縣義竹鄉仁里422之2號,"[嘉義縣]	輸入的 [村里] 找不到門牌資料"
嘉義縣義竹鄉仁里422之2號,"[嘉義縣]	輸入的 [村里] 找不到門牌資料"
屏東縣枋山鄉舊庄路47號,"[屏東縣]	輸入的 [路街] 找不到門牌資料"
屏東縣恆春鎮恆西路1巷32號,"[屏東縣]	輸入的 [路街] 找不到門牌資料"
屏東縣恆春鎮恆西路1巷32號,"[屏東縣]	輸入的 [路街] 找不到門牌資料"
屏東縣恆春鎮恆南路188號,"[屏東縣]	輸入的 [路街] 找不到門牌資料"
花蓮縣花蓮市華西路123號,"[花蓮縣]	輸入的 [路街] 找不到門牌資料"
花蓮縣卓溪鄉中正路61之1號,"[花蓮縣]	 { 模糊比對 } (卓溪鄉)	找到符合的[鄉鎮市區]，(中正路)	找到符合的[路街名]，(61之1號)	模糊比對找不到符合的門牌地址。"
高雄市橋頭區精武路868號,"[高雄市]	輸入的 [路街] 找不到門牌資料"
桃園市八德區興豊路1217號,"[桃園市]	輸入的 [路街] 找不到門牌資料"
桃園市龜山區陸光同心一路7號,"[桃園市]	輸入的 [路街] 找不到門牌資料"
桃園市桃園區大有路466號,
桃園市桃園區大有路466號,
桃園市桃園區大有路466號,
桃園市大園區?林路99號,"[桃園市]	輸入的 [路街] 找不到門牌資料"
桃園市大園區?林路99號,"[桃園市]	輸入的 [路街] 找不到門牌資料"
臺中市豐原區鐮村路169號,"[臺中市]	輸入的 [路街] 找不到門牌資料"
澎湖縣馬公市山里200號,"[澎湖縣]	輸入的 [村里] 找不到門牌資料"
臺東縣蘭嶼鄉東清路7號,"[臺東縣]	輸入的 [路街] 找不到門牌資料"
臺東縣綠島鄉南寮路186號,"[臺東縣]	輸入的 [路街] 找不到門牌資料"
臺東縣綠島鄉南寮路186號,"[臺東縣]	輸入的 [路街] 找不到門牌資料"
臺東縣長濱鄉中興路16號,"[臺東縣]	 { 模糊比對 } (長濱鄉)	找到符合的[鄉鎮市區]，(中興路)	找到符合的[路街名]，(16號)	模糊比對找不到符合的門牌地址。"
苗栗縣造橋鄉十字路18號,"[苗栗縣]	輸入的 [路街] 找不到門牌資料"
雲林縣莿桐鄉永基路23之7號,"[雲林縣]	輸入的 [路街] 找不到門牌資料"
新北市三峽區白雞路127號,"[新北市]	輸入的 [路街] 找不到門牌資料"
新北市鶯歌區中正3路208之4號,"[新北市]	輸入的 [路街] 找不到門牌資料"
新北市中和區廣褔路39號,"[新北市]	輸入的 [路街] 找不到門牌資料"
南投縣南投市光明1路1號,"[南投縣]	輸入的 [路街] 找不到門牌資料"
新北市林口區麗園一街6巷1號,
新北市林口區麗園一街6巷1號,
新北市林口區中山路683號,
新北市林口區中山路683號,
新北市蘆洲區三民路97號,
新北市蘆洲區三民路97號,
新北市蘆洲區三民路97號,
新北市蘆洲區中正路172號,
新北市蘆洲區中山一路37號,
新北市蘆洲區光華路108號,
新北市蘆洲區光華路108號,
新北市蘆洲區長安街225號,
新北市蘆洲區長安街225號,
新北市蘆洲區民族路271號,
新北市蘆洲區民族路271號,
新北市五股區成泰路3段541號,
新北市五股區成泰路3段541號,
新北市五股區成泰路3段541號,
新北市五股區中興路1段5號,
新北市五股區中興路1段5號,
新北市五股區中興路4段48巷15號,
新北市五股區中興路4段48巷15號,
新北市八里區訊塘路13號,
新北市八里區訊塘路13號,
新北市八里區訊塘路13號,
新北市八里區龍形二街7號,
新北市淡水區中正路203號,
新北市淡水區中正路203號,
新北市淡水區中正路203號,
新北市淡水區民權路75號,
新北市淡水區民權路75號,
新北市淡水區大忠街9號,
新北市淡水區大忠街9號,
新北市淡水區學府路29號,
新北市淡水區學府路29號,
新北市淡水區學府路29號,
新北市淡水區中山北路2段375號,
新北市淡水區中山北路2段375號,
新北市三芝區淡金路2段17號,
新北市三芝區淡金路2段17號,
新北市石門區中山路80號,
新北市淡水區淡金路26號,
新北市新莊區中正路265號,
新北市新莊區中正路265號,
新北市新莊區中正路265號,
新北市新莊區中正路265號,
新北市泰山區半山雅70之2號,
新北市泰山區辭修路7號,
新北市新莊區新樹路397號,
新北市泰山區明志路3段354號,
新北市新莊區中平路385號,
新北市泰山區半山雅70號,
新北市泰山區全興路212號,
新北市五股區成泰路1段175號,
新北市林口區公園路46號,
新北市林口區下福139之1號,
新北市蘆洲區民族路488號,
新北市三重區五華街259號,
新北市三重區忠孝路3段89號,
新北市八里區華富山33號,
新北市淡水區奎柔山路73號,
新北市石門區小坑12號,
新北市淡水區自立路8之2號,
新北市淡水區中正路376號,
新北市林口區文化一路1段20號,
新北市淡水區學府路136巷57號,
新北市泰山區楓江路10號,
新北市泰山區楓江路10號,
新北市泰山區工專路84號,
新北市新莊區復興路2段22號,
新北市新莊區復興路2段22號,
新北市新莊區中華路2段160號,
新北市新莊區中華路2段160號,
新北市新莊區明志路15號,
新北市新莊區明志路15號,
新北市新莊區化成路87號,
新北市新莊區幸福路723號,
新北市新莊區幸福路723號,
新北市泰山區南林路93號,
新北市五股區登林路76之10號,
新北市泰山區明志路1段510號,
新北市泰山區明志路1段510號,
新北市新莊區新樹路457號,
新北市新莊區後港一路34號,
新北市新莊區後港一路34號,
新北市新莊區後港一路34號,
新北市新莊區思源路213號,
新北市新莊區新泰路333號,
新北市新莊區新泰路333號,
新北市新莊區中正路740之2號,
新北市新莊區五工三路50巷2號,
新北市新莊區五工三路50巷2號,
新北市新莊區民安西路85號,
新北市新莊區民安西路85號,
新北市林口區文化二路1段8號,
新北市林口區文化二路1段8號,
新北市林口區文化二路1段8號,
新北市中和區景平路634之10號,
新北市中和區板南路496至498號,
新北市中和區立德街107~111號,
新北市中和區板南路663號,
新北市中和區景平路634之10號,
新北市中和區立德街79號,
新北市中和區立德街148巷58號,
新北市中和區立德街148巷58號,
高雄市左營區明誠二路419號,
高雄市左營區明誠二路419號,
高雄市左營區明誠二路419號,
桃園市桃園區經國路9-11號,
桃園市桃園區春日路985號,
桃園市桃園區春日路985號,
桃園市蘆竹區中正路381號,
桃園市蘆竹區中正路381號,
桃園市蘆竹區中正路381號,
台中市西屯區台灣大道4段847號,
台中市西屯區台灣大道4段847號,
台中市西區忠明南路301號,
台中市西區忠明南路301號,
金門縣金城鎮民權路116號,
金門縣金城鎮民權路116號,
台北市大同區塔城街30號,
台北市大同區塔城街30號,
台北市大同區塔城街30號,
台中市大雅區大雅路161號,
台中市大雅區大雅路161號,
高雄市楠梓區鳳楠路183號,
高雄市楠梓區興楠路285號,
高雄市楠梓區鳳楠路183號,
台北市大安區仁愛路四段357號,
台北市大安區仁愛路四段357號,
台北市大安區仁愛路四段357號,
台北市松山區南京東路四段147號,
台北市松山區南京東路四段147號,
台北市大同區南京西路76號,
台北市大同區南京西路76號,
台北市士林區中山北路四段16號,
桃園市楊梅區幼獅路一段439號,
台北市士林區中正路601號,
台北市士林區中山北路五段380號,
台北市士林區中正路601號,
新北市永和區竹林路168號,
新北市永和區竹林路168號,
新北市新店區北新路三段213號,
新北市新店區中興路2段192號,
新北市新店區中興路2段192號,
新北市新莊區中華路一段一六號,
新北市新莊區中華路一段一六號,
新北市新莊區化成路135號,
新北市新莊區頭前路25號,
新北市新莊區頭前路25號,
台北市中山區松江路158號,
台北市中山區松江路158號,
台北市中正區重慶南路一段72號,
台北市中正區重慶南路一段72號,
台北市中正區重慶南路一段72號,
台北市萬華區康定路103號,
台北市萬華區康定路103號,
台北市大安區基隆路四段75號,
台北市大安區羅斯福路二段93號,
台北市大安區羅斯福路二段93號,
台北市大安區羅斯福路二段93號,
台北市大安區復興南路一段390號,
台北市大安區復興南路一段390號,
台北市中山區長春路17號,
台北市中山區長春路17號,
台北市中山區長春路17號,
台北市中山區民權東路三段4號,
台北市中山區民權東路三段4號,
台北市松山區南京東路三段311號,
台北市松山區南京東路三段311號,
台北市松山區南京東路三段311號,
台北市大安區忠孝東路3段267號,
台北市大安區忠孝東路3段267號,
台北市大安區忠孝東路3段267號,
台北市信義區光復南路547號,
台北市信義區光復南路547號,
台北市信義區忠孝東路五段552號,
台北市信義區忠孝東路五段552號,
台北市南港區三重路19之2號,
台北市南港區三重路19-2號,
台北市南港區三重路19-2號,
台北市信義區基隆路一段161號,
台北市士林區重慶北路四段2號,
台北市內湖區民權東路六段91號,
台北市內湖區民權東路六段152號,
台北市內湖區民權東路六段152號,
台北市大安區敦化南路二段92號,
台北市大安區敦化南路二段92號,
新北市中和區中和路356號,
新北市中和區橋和路11號,
新北市中和區橋和路11號,
新北市新莊區五權一路9號,
新北市新莊區五權一路3號,
新北市新莊區五工路66號,
新北市新莊區五股工業區五工路95號,
新北市新莊區五工路130號,
新北市新莊區五權一路7號,
新北市新莊區五股工業區五工路95號,
新北市新莊區五股工業區五工路95號,
新北市林口區中山路188號,
新北市林口區竹林路325號,
新北市林口區中山路188號,
新北市林口區中山路188號,
新北市林口區仁愛路二段173號,
桃園市龜山區文化二路38之11號,
桃園市龜山區文化二路38之11號,
桃園市大園區大觀路777號,
桃園市大園區園航路28號,
新北市八里區觀海大道8號,
新北市板橋區明德街2之1號,
新北市樹林區中山路一段217號,
新北市樹林區中山路一段217號,
新北市樹林區博愛街248號,
新北市土城區中央路二段126號,
新北市土城區中央路二段126號,
新北市新莊區中正路933號,
新北市新莊區中正路933號,
新北市三峽區大學路31號,
新北市三峽區大學路31號,
新北市三峽區大學路31號,
基隆市仁愛區愛三路9號,
基隆市仁愛區愛三路9號,
基隆市仁愛區仁一路301號,
新北市貢寮區研海街62號,
基隆市中山區文化路80號,
新北市貢寮區研海街62號,
新北市板橋區文化路一段51號,
台北市文山區光輝路40號,
新北市板橋區文化路一段51號,
新北市板橋區四川路一段287號,
新北市三重區三和路四段137號,
新北市三重區三和路四段137號,
新北市三重區自強路一段232號,
新北市三重區自強路一段232號,
新北市三重區重新路五段609巷10-7號,
新北市三重區重新路五段609巷10-7號,
新北市蘆洲區永樂街42號,
新北市蘆洲區永樂街42號,
宜蘭縣宜蘭市中山路二段305號,
宜蘭縣宜蘭市舊城西路111號,
宜蘭縣宜蘭市中山路二段305號,
宜蘭縣宜蘭市神農路一段1號,
宜蘭縣羅東鎮中正北路15號,
宜蘭縣羅東鎮中正北路15號,
宜蘭縣五結鄉中興路3段8號,
宜蘭縣羅東鎮站東路190號,
宜蘭縣蘇澳鎮中山路一段96之1號,
宜蘭縣蘇澳鎮自強路12號,
桃園市楊梅區秀才路618號,
桃園市楊梅區新江路100號,
桃園市新屋區望間村13鄰16號,
桃園市楊梅區光復北街10號,
桃園市楊梅區光復北街10號,
新竹縣湖口鄉光復路2號,
桃園市楊梅區秀才路618號,
新竹縣湖口鄉中正路一段76號,
新竹縣湖口鄉中正路一段76號,
桃園市桃園區中華路99號,
桃園市桃園區中華路99號,
桃園市桃園區中華路99號,
桃園市桃園區中山路966號,
桃園市桃園區復興路352號,
桃園市龜山區民生北路一段206號,
桃園市大園區大工路11號,
桃園市大園區濱海路二段208號,
桃園市大園區大園工業區中山北路267-1號,
桃園市大園區中山南路80號,
桃園市大園區中山南路80號,
桃園市大園區中山南路80號,
桃園市觀音區大潭村電廠路1號,
桃園市觀音區觀音工業區工業五路3號,
桃園市觀音區觀音工業區工業五路3號,
桃園市觀音區中山路一段1119號,
桃園市大溪區復興路80號,
桃園市大溪區復興路80號,
桃園市觀音區觀音工業區國建三路2號,
桃園市中壢區中園路二段506號,
桃園市觀音區觀音工業區國建三路2號,
桃園市中壢區中園路2段506號,
桃園市中壢區中山路157號,
桃園市中壢區中山路157號,
桃園市觀音區環西路369號,
桃園市中壢區定寧路12號,
桃園市中壢區忠孝路153號,
桃園市中壢區忠孝路153號,
新竹市明湖路486巷33號,
桃園市中壢區忠孝路153號,
桃園市中壢區民族路282號,
桃園市中壢區民族路282號,
桃園市龜山區萬壽路二段1223號,
桃園市龜山區萬壽路二段1223號,
桃園市新屋區中山路257號,
桃園市新屋區中山路257號,
桃園市新屋區中山路257號,
桃園市新屋區中山路257號,
新竹市北區東門街100號,
新竹市北區東門街100號,
新竹市中華路二段400號,
新竹縣湖口鄉新竹工業區光復路15號,
新竹縣湖口鄉新竹工業區實踐路12號,
新竹縣竹北市縣政九路128號,
新竹市科學園區展業一路10-1號,
新竹縣竹北市縣政九路128號,
新竹市科學園區力行五路3號,
新竹市關新路198號,
新竹市關新路198號,
新竹市埔頂路18號,
桃園市八德區介壽路一段789號,
桃園市八德區介壽路一段789號,
桃園市龍潭區九龍村九座寮23鄰39號,
桃園市龍潭區高原村福源路138號,
桃園市龍潭區龍元路64號,
桃園市龍潭區龍元路64號,
桃園市龍潭區龍華路132號,
新竹市東區光復路2段806號,
新竹縣竹東鎮東林路6號,
新竹縣竹東鎮杞林路68號,
新竹縣橫山鄉中華街200號,
苗栗縣竹南鎮博愛街29號,
苗栗縣竹南鎮博愛街29號,
苗栗縣頭份市信義路90號,
苗栗縣銅鑼鄉中平村中興路3號,
苗栗縣頭份市信義路90號,
苗栗縣苗栗市為公路236號,
苗栗縣苗栗市中正路606號,
苗栗縣苗栗市中正路606號,
台中市豐原區源豐路1號,
台中市豐原區源豐路1號,
台中市豐原區源豐路1號,
彰化縣和美鎮金馬路二段440巷8號,
彰化縣和美鎮金馬路二段440巷8號,
台中市太平區中興東路27號,
台中市太平區中興東路27號,
台中市太平區中興東路27號,
台中市太平區中興東路27號,
台中市大甲區鎮政路14號,
台中市大甲區中山路一段1191號,
台中市大甲區鎮政路14號,
苗栗縣通霄鎮海濱路1之31號,
台中市大甲區成功路319號,
台中市沙鹿區台灣大道七段1023號,
台中市沙鹿區台灣大道七段1023號,
台中市烏日區中華路616號,
台中市烏日區中華路616號,
台中市烏日區光華街1號,
台中市中區台灣大道一段400號,
台中市中區台灣大道一段400號,
台中市西屯區福康路8號,
台中市中區民權路84號,
台中市中區民權路84號,
台中市中區民權路84號,
台中市南區台中路136號,
台中市南區台中路136號,
台中市北屯區進化北路53號,
台中市中區自由路二段86號,
台中市北屯區進化北路53號,
南投縣南投市復興路139號,
南投縣草屯鎮中正路604號,
南投縣草屯鎮中正路604號,
南投縣埔里鎮中正路434號,
南投縣埔里鎮中正路434號,
台中市潭子區中山路二段135號,
台中市潭子區中山路二段135號,
彰化縣彰化市光復路61號,
彰化縣彰化市中山路二段418號,
彰化縣彰化市光復路61號,
彰化縣和美鎮和安街8號,
彰化縣和美鎮和安街8號,
彰化縣員林市民權街16號,
彰化縣員林市民權街16號,
彰化縣北斗鎮宮前街62號,
彰化縣田中鎮新工四路80號,
彰化縣田中鎮員集路三段465號,
彰化縣北斗鎮新工一路103號,
彰化縣北斗鎮宮前街62號,
彰化縣芳苑鄉工區路18號,
彰化縣二林鎮二溪路三段240號,
彰化縣二林鎮中正路2號,
彰化縣二林鎮中正路2號,
雲林縣斗六市大同路109號,
雲林縣斗六市明德北路三段39號,
雲林縣斗六市大同路109號,
雲林縣斗六市斗六工業區工業路100號,
雲林縣北港鎮文化路65號,
雲林縣北港鎮文化路65號,
嘉義縣朴子市朴子工業區二街1號,
雲林縣虎尾鎮和平路45號,
雲林縣虎尾鎮和平路45號,
嘉義縣民雄鄉建國路二段117號,
嘉義縣民雄鄉建國路二段117號,
嘉義市彌陀路174號,
嘉義市垂楊路223號,
嘉義市光華路132號,
嘉義市光華路132號,
嘉義縣民雄鄉建國路三段83號,
嘉義縣民雄鄉建國路三段83號,
嘉義市西區新民路766號,
嘉義市西區新民路766號,
台南市新營區中正路200號,
台南市新營區太子路137號,
台南市新營區中山路216號,
台南市永康區中華路12號,
台南市永康區中華路12號,
台南市永康區中正南路79號,
台南市永康區中正南路79號,
台南市學甲區中山路87號,
台南市學甲區中山路87號,
台南市學甲區中山路87號,
台南市善化區中山路352號,
台南市善化區中山路352號,
台南市永康區永大路二段1532號,
台南市永康區永大路二段1532號,
台南市永康區永大路2段1532號,
台南市安平區健康路三段308號,
台南市中西區中正路185號,
台南市中西區中正路185號,
台南市中西區忠義路一段109號,
台南市安平區健康路三段308號,
台南市安平區健康路三段308號,
台南市安平區健康路三段308號,
台南市仁德區中山路339號,
台南市仁德區中山路339號,
台南市中西區公園路25號,
台南市中西區公園路25號,
台南市東區中華東路二段75號,
台南市東區中華東路二段75號,
台南市東區中華東路二段75號,
台南市南區中華西路一段67號,
台南市南區中華西路一段67號,
花蓮縣花蓮市中山路247號,
花蓮縣壽豐鄉志學村大學路二段1號,
花蓮縣壽豐鄉志學村大學路二段1號,
花蓮縣壽豐鄉志學村大學路二段1號,
花蓮縣花蓮市府前路95號,
花蓮縣花蓮市中山路247號,
花蓮縣花蓮市中山路247號,
台東縣台東市中華路一段335號,
台東縣台東市四維路一段690號,
台東縣台東市正氣路38號,
台東縣台東市中華路一段721號,
台東縣台東市中華路一段335號,
高雄市楠梓區海專路142號,
高雄市苓雅區中正一路249號,
高雄市苓雅區中正一路249號,
高雄市旗津區中洲三路482號,
高雄市苓雅區中正一路249號,
高雄市永安區興達路6號,
高雄市岡山區岡山路412號,
高雄市岡山區岡山路412號,
高雄市鳳山區建國路三段28號,
高雄市鳳山區建國路三段28號,
高雄市苓雅區青年一路31號,
高雄市前鎮區新衙路286-3號,
高雄市前鎮區新衙路286-3號,
高雄市苓雅區青年一路31號,
高雄市前金區五福三路79號,
高雄市前金區五福三路79號,
高雄市新興區復興一路90號,
高雄市新興區復興一路90號,
高雄市鼓山區鼓山二路39號,
高雄市三民區大昌二路116號,
高雄市三民區大昌二路116號,
高雄市前鎮區民權二路378號,
高雄市前鎮區民權二路378號,
高雄市三民區九如二路255號,
高雄市三民區九如二路255號,
高雄市新興區中山一路153號,
高雄市新興區中山一路153號,
屏東縣屏東市屏東加工出口區屏加路1號,
高雄市鳳山區中山路157號,
高雄市鳳山區中山路157號,
高雄市鳳山區中山路157號,
高雄市鳳山區青年路一段100號,
高雄市大寮區光華路5之3號,
高雄市大寮區光華路5之3號,
高雄市大寮區光華路5之3號,
屏東縣屏東市漢口街7號,
屏東縣屏東市漢口街7號,
屏東縣屏東市忠孝路329號,
高雄市小港區宏平路718號,
高雄市小港區宏平路718號,
屏東縣潮州鎮新生路100號,
